<?xml version="1.0" encoding="UTF-8" ?>
<pageDefinition xmlns="http://xmlns.oracle.com/adfm/uimodel"
                version="11.1.1.55.16" id="pageTemplate_swooshyPageDef"
                Package="oracle.webcenter.portalapp.pagetemplates">
  <parameters>
    <parameter id="page_info"
               value="title=pageTemplate_swooshy;desc=;keywords=;createdBy=weblogic;createDate=2015-07-21T12:37:44;lastUpdatedBy=weblogic;lastUpdateDate=2015-07-21T12:37:44;permissionClass=oracle.webcenter.security.auth.HierarchicalResourcePermission;target=serviceID=oracle.webcenter.page,scopeID=s8bba98ff_4cbb_40b8_beee_296c916a23ed,resourceID=/oracle/webcenter/portalapp/pagetemplates/pageTemplate_swooshy.jspx;excluded=false;style="/>
    <parameter id="page_title" value="pageTemplate_swooshy"/>
  </parameters>
  <executables>
    <variableIterator id="variables"/>
    <taskFlow id="navigationrenderer1"
              taskFlowId="/oracle/webcenter/portal/framework/navigation/renderer/navigation-renderer.xml#navigation-renderer"
              activation="deferred"
              xmlns="http://xmlns.oracle.com/adf/controller/binding"
              Refresh="ifNeeded">
      <parameters>
        <parameter id="SiteStructurePath"
                   value="#{viewScope.modelPath}"/>
        <parameter id="SiteStructureResourcePath"
                   value="#{viewScope.selectedPrettyUrl}"/>
      </parameters>
    </taskFlow>      
  </executables>
  <bindings/>
</pageDefinition>
