<?xml version="1.0" encoding="US-ASCII" ?>
<navigationDefinition description="Default Navigation" 
               id="default-navigation-model"
               name="Default Navigation"
               xmlns="http://xmlns.oracle.com/adf/rcs/catalog" visible="#{true}">
  <contents>
    <url visible="#{true}" url="page://oracle/webcenter/portalapp/pages/home.jspx"
         factoryClass="oracle.webcenter.portalframework.sitestructure.rc.AdfPageResourceFactory" id="home">
      <attributes>
        <attribute isKey="false" value="home" attributeId="Title"/>
        <attribute isKey="false" value="true" attributeId="Redirect"/>
      </attributes>
      <contents/>
    </url>
    <url visible="#{false}" factoryClass="oracle.webcenter.portalframework.sitestructure.rc.UrlResourceFactory"
         url="http://127.0.0.1:7101/memory/faces/adf.task-flow?adf.tfId=page-based-taskflow&amp;adf.tfDoc=/WEB-INF/page-based-taskflow.xml"
         id="page-based-taskflow">
      <attributes>
        <attribute value="page-based-taskflow-externallink" isKey="false" attributeId="Title"/>
        <attribute value="true" isKey="false" attributeId="Redirect"/>
      </attributes>
    </url>
    <url factoryClass="oracle.webcenter.portalframework.sitestructure.rc.AdfPageResourceFactory" visible="#{true}"
         id="toppage1" url="page://oracle/webcenter/portalapp/pages/toppage1.jspx">
      <attributes>
        <attribute attributeId="Title" isKey="false" value="toppage1"/>
        <attribute attributeId="Redirect" isKey="false" value="true"/>
      </attributes>
    </url>
    <url factoryClass="oracle.webcenter.portalframework.sitestructure.rc.AdfPageResourceFactory" visible="#{true}"
         id="toppage2" url="page://oracle/webcenter/portalapp/pages/toppage2.jspx">
      <attributes>
        <attribute attributeId="Title" isKey="false" value="toppage2"/>
        <attribute isKey="false" value="true" attributeId="Redirect"/>
      </attributes>
    </url>
    <url id="Google" factoryClass="oracle.webcenter.portalframework.sitestructure.rc.UrlResourceFactory" visible="#{true}"
         url="http://www.google.com">
      <attributes>
        <attribute value="Google" attributeId="Title" isKey="false"/>
        <attribute value="true" attributeId="Redirect" isKey="false"/>
      </attributes>
    </url>
  </contents>
  <schema resourceBundle="oracle.adf.rc.attribute.nls.AttributeBundle">
    <descriptor multivalue="false" shortLabelKey="TITLE.SHORT_PROMPT_KEY"
                labelKey="TITLE.PROMPT_KEY" attributeId="Title"
                searchable="true" endUserVisible="true"/>
    <descriptor multivalue="false" shortLabelKey="ACCESS_KEY.SHORT_PROMPT_KEY"
                labelKey="ACCESS_KEY.PROMPT_KEY" attributeId="AccessKey"
                searchable="true" endUserVisible="true"/>
    <descriptor multivalue="false" shortLabelKey="DESCRIPTION.SHORT_PROMPT_KEY"
                labelKey="DESCRIPTION.PROMPT_KEY" attributeId="Description"
                searchable="true" endUserVisible="true"/>
    <descriptor multivalue="false" shortLabelKey="ICON_URI.SHORT_PROMPT_KEY"
                labelKey="ICON_URI.PROMPT_KEY" attributeId="IconURI"
                searchable="true" endUserVisible="true"/>
    <descriptor multivalue="true" shortLabelKey="SUBJECT.SHORT_PROMPT_KEY"
                labelKey="SUBJECT.PROMPT_KEY" attributeId="Subject"
                searchable="true" endUserVisible="true"/>
    <descriptor multivalue="false"
                shortLabelKey="REDIRECT_FLAG.SHORT_PROMPT_KEY"
                labelKey="REDIRECT_FLAG.PROMPT_KEY" attributeId="Redirect"
                searchable="true" endUserVisible="true"/>
    <descriptor multivalue="false" shortLabelKey="TARGET_FRAME.SHORT_PROMPT_KEY"
                labelKey="TARGET_FRAME.PROMPT_KEY" attributeId="Target"
                searchable="true" endUserVisible="true"/>
    <descriptor multivalue="false" shortLabelKey="TOOL_TIP.SHORT_PROMPT_KEY"
                labelKey="TOOL_TIP.PROMPT_KEY" attributeId="ToolTip"
                searchable="true" endUserVisible="true"/>
    <descriptor multivalue="false" shortLabelKey="MODIFIED.SHORT_PROMPT_KEY"
                labelKey="MODIFIED.PROMPT_KEY" attributeId="Modified"
                searchable="true" endUserVisible="true"/>
    <descriptor multivalue="false"
                shortLabelKey="CHANGE_FREQUENCY.SHORT_PROMPT_KEY"
                labelKey="CHANGE_FREQUENCY.PROMPT_KEY"
                attributeId="ChangeFrequency" searchable="true"
                endUserVisible="true"/>
    <descriptor multivalue="false" shortLabelKey="SIGNIFICANCE.SHORT_PROMPT_KEY"
                labelKey="SIGNIFICANCE.PROMPT_KEY" attributeId="Significance"
                searchable="true" endUserVisible="true"/>
    <descriptor multivalue="false" shortLabelKey="EXTERNAL_ID"
                labelKey="EXTERNAL_ID" attributeId="ExternalId"
                searchable="true" endUserVisible="true"
                resourceBundle="oracle.webcenter.navigationeditor.view.resource.NavigationEditorBundle"/>
  </schema>
</navigationDefinition>
