<?xml version="1.0" encoding="UTF-8" ?>
<adfc-config xmlns="http://xmlns.oracle.com/adf/controller" version="1.2">
  <task-flow-definition id="emp-seach-flow">
    <default-activity id="__1">initPage</default-activity>
    <method-call id="initPage">
      <method>#{bindings.initPage.execute}</method>
      <outcome id="__2">
        <fixed-outcome>initPage</fixed-outcome>
      </outcome>
    </method-call>
    <view id="EmpSearch">
      <page>/EmpSearch.jsff</page>
    </view>
    <control-flow-rule id="__3">
      <from-activity-id id="__4">initPage</from-activity-id>
      <control-flow-case id="__6">
        <from-outcome id="__5">initPage</from-outcome>
        <to-activity-id id="__7">EmpSearch</to-activity-id>
      </control-flow-case>
    </control-flow-rule>
    <use-page-fragments/>
  </task-flow-definition>
</adfc-config>
