<?xml version="1.0" encoding="UTF-8"?>
<faces-config version="1.2" xmlns="http://java.sun.com/xml/ns/javaee">
  <application>
    <default-render-kit-id>oracle.adf.rich</default-render-kit-id>
  </application>
  <validator>
    <validator-id>custom.EmailValiator</validator-id>
    <validator-class>jj.sample.view.custom.validator.EmailValidator</validator-class>
  </validator>
  <validator>
    <validator-id>custom.DateValiator</validator-id>
    <validator-class>jj.sample.view.custom.validator.DateMustComeAfterValidator</validator-class>
  </validator>
</faces-config>